product_id,product_name,description,category,brand_name,on_hand,unit_price,currency_type
V16,Fragrance-Free Jeans,Automated bi-directional system engine,Furniture,Miranda Inc,104905,711.06,USD
F1,Amazing Phone Charger,Integrated demand-driven artificial intelligence,Kitchen Items,Garner-Mills,11647,787.03,USD
S24,Clean Pet Toy,Proactive foreground complexity,Electronics,Smith-Scott,124002,488.76,USD
T8,Silky Pet Litter,Cross-group incremental system engine,Fashion & Apparel,"Burgess, Hopkins and Scott",12623,325.80,USD
K23,Beautiful Shoes,Business-focused foreground complexity,Kitchen Items,"Rogers, Krause and Contreras",45445,281.41,USD
D3,Clean Chair,Persistent impactful knowledgebase,Beauty,Bailey Ltd,151103,429.69,USD
G14,Large Pet Toy,Up-sized cohesive database,Beauty,Nolan Group,34245,456.78,USD
H14,Designer Phone Charger,Secured system-worthy capability,Home Appliances,Lewis Group,48208,45.63,USD
Z22,Unbreakable Airpods,Optional grid-enabled function,Furniture,Caldwell Ltd,29662,766.54,USD
M10,Special Pet Bed,Horizontal methodical utilization,Home Decor,Daniels-Mcclure,157354,706.71,USD
N23,Fruity TV,Future-proofed reciprocal alliance,DIY,"Bradley, Greene and Perkins",29356,497.53,USD
R6,Unbreakable Chair,Compatible homogeneous website,Furniture,Byrd-Thomas,172733,225.61,USD
Z2,Perfect Phone Charger,Fundamental multi-tasking policy,Electronics,Hall PLC,71903,724.33,USD
W17,Fragrance-Free Apple Product,Mandatory client-driven product,Furniture,"Terrell, Castillo and Moore",152102,169.72,USD
O9,Odorless Bedsheets,Enterprise-wide well-modulated project,Electronics,"Mccarthy, Jones and Taylor",84163,352.43,USD
X9,Unbreakable Pet Shampoo,Customer-focused 3rdgeneration hardware,Beauty,Miller-Mitchell,20595,967.49,USD
V25,Fragrance-Free Lamp,Quality-focused impactful website,Home Decor,"Walls, Brock and Brown",136253,754.45,USD
N20,Water-Resistant Phone,Stand-alone system-worthy model,Toys and Hobbies,"Miller, Farrell and Jackson",9487,698.45,USD
H5,Water-Resistant Beef,Profit-focused encompassing service-desk,Furniture,"Welch, Lozano and Thompson",145881,50.93,USD
C8,Water-Resistant Game Console,Digitized tangible collaboration,Clothing,"Benitez, Barnes and Baker",142729,375.08,USD
I13,Beautiful Apple Product,Sharable static focus group,Fashion & Apparel,Sparks PLC,154135,589.19,USD
C16,Beautiful Telescope,Assimilated solution-oriented moratorium,Home Decor,Marsh-Peck,27685,166.75,USD
Q10,Smooth Pet Toy,Open-source scalable capability,Furniture,"Thomas, Scott and Dodson",20916,411.19,USD
L1,Tasty Mug,Synchronized local protocol,Fashion & Apparel,Smith Group,105460,118.80,USD
