{
    "V16": {
        "ProductID": "V16",
        "Product Name": "Fragrance-Free Jeans",
        "Product Description": "Automated bi-directional system engine",
        "Category": "Furniture",
        "Company Brand": "Miranda Inc",
        "On-Hand Quantity": 104905,
        "Unit Price": "711.06 USD"
    },
    "F1": {
        "ProductID": "F1",
        "Product Name": "Amazing Phone Charger",
        "Product Description": "Integrated demand-driven artificial intelligence",
        "Category": "Kitchen Items",
        "Company Brand": "Garner-Mills",
        "On-Hand Quantity": 11647,
        "Unit Price": "787.03 USD"
    },
    "S24": {
        "ProductID": "S24",
        "Product Name": "Clean Pet Toy",
        "Product Description": "Proactive foreground complexity",
        "Category": "Electronics",
        "Company Brand": "Smith-Scott",
        "On-Hand Quantity": 124002,
        "Unit Price": "488.76 USD"
    },
    "T8": {
        "ProductID": "T8",
        "Product Name": "Silky Pet Litter",
        "Product Description": "Cross-group incremental system engine",
        "Category": "Fashion & Apparel",
        "Company Brand": "Burgess, Hopkins and Scott",
        "On-Hand Quantity": 12623,
        "Unit Price": "325.80 USD"
    },
    "K23": {
        "ProductID": "K23",
        "Product Name": "Beautiful Shoes",
        "Product Description": "Business-focused foreground complexity",
        "Category": "Kitchen Items",
        "Company Brand": "Rogers, Krause and Contreras",
        "On-Hand Quantity": 45445,
        "Unit Price": "281.41 USD"
    },
    "D3": {
        "ProductID": "D3",
        "Product Name": "Clean Chair",
        "Product Description": "Persistent impactful knowledgebase",
        "Category": "Beauty",
        "Company Brand": "Bailey Ltd",
        "On-Hand Quantity": 151103,
        "Unit Price": "429.69 USD"
    },
    "G14": {
        "ProductID": "G14",
        "Product Name": "Large Pet Toy",
        "Product Description": "Up-sized cohesive database",
        "Category": "Beauty",
        "Company Brand": "Nolan Group",
        "On-Hand Quantity": 34245,
        "Unit Price": "456.78 USD"
    },
    "H14": {
        "ProductID": "H14",
        "Product Name": "Designer Phone Charger",
        "Product Description": "Secured system-worthy capability",
        "Category": "Home Appliances",
        "Company Brand": "Lewis Group",
        "On-Hand Quantity": 48208,
        "Unit Price": "45.63 USD"
    },
    "Z22": {
        "ProductID": "Z22",
        "Product Name": "Unbreakable Airpods",
        "Product Description": "Optional grid-enabled function",
        "Category": "Furniture",
        "Company Brand": "Caldwell Ltd",
        "On-Hand Quantity": 29662,
        "Unit Price": "766.54 USD"
    },
    "M10": {
        "ProductID": "M10",
        "Product Name": "Special Pet Bed",
        "Product Description": "Horizontal methodical utilization",
        "Category": "Home Decor",
        "Company Brand": "Daniels-Mcclure",
        "On-Hand Quantity": 157354,
        "Unit Price": "706.71 USD"
    },
    "N23": {
        "ProductID": "N23",
        "Product Name": "Fruity TV",
        "Product Description": "Future-proofed reciprocal alliance",
        "Category": "DIY",
        "Company Brand": "Bradley, Greene and Perkins",
        "On-Hand Quantity": 29356,
        "Unit Price": "497.53 USD"
    },
    "R6": {
        "ProductID": "R6",
        "Product Name": "Unbreakable Chair",
        "Product Description": "Compatible homogeneous website",
        "Category": "Furniture",
        "Company Brand": "Byrd-Thomas",
        "On-Hand Quantity": 172733,
        "Unit Price": "225.61 USD"
    },
    "Z2": {
        "ProductID": "Z2",
        "Product Name": "Perfect Phone Charger",
        "Product Description": "Fundamental multi-tasking policy",
        "Category": "Electronics",
        "Company Brand": "Hall PLC",
        "On-Hand Quantity": 71903,
        "Unit Price": "724.33 USD"
    },
    "W17": {
        "ProductID": "W17",
        "Product Name": "Fragrance-Free Apple Product",
        "Product Description": "Mandatory client-driven product",
        "Category": "Furniture",
        "Company Brand": "Terrell, Castillo and Moore",
        "On-Hand Quantity": 152102,
        "Unit Price": "169.72 USD"
    },
    "O9": {
        "ProductID": "O9",
        "Product Name": "Odorless Bedsheets",
        "Product Description": "Enterprise-wide well-modulated project",
        "Category": "Electronics",
        "Company Brand": "Mccarthy, Jones and Taylor",
        "On-Hand Quantity": 84163,
        "Unit Price": "352.43 USD"
    },
    "X9": {
        "ProductID": "X9",
        "Product Name": "Unbreakable Pet Shampoo",
        "Product Description": "Customer-focused 3rdgeneration hardware",
        "Category": "Beauty",
        "Company Brand": "Miller-Mitchell",
        "On-Hand Quantity": 20595,
        "Unit Price": "967.49 USD"
    },
    "V25": {
        "ProductID": "V25",
        "Product Name": "Fragrance-Free Lamp",
        "Product Description": "Quality-focused impactful website",
        "Category": "Home Decor",
        "Company Brand": "Walls, Brock and Brown",
        "On-Hand Quantity": 136253,
        "Unit Price": "754.45 USD"
    },
    "N20": {
        "ProductID": "N20",
        "Product Name": "Water-Resistant Phone",
        "Product Description": "Stand-alone system-worthy model",
        "Category": "Toys and Hobbies",
        "Company Brand": "Miller, Farrell and Jackson",
        "On-Hand Quantity": 50339,
        "Unit Price": "698.45 USD"
    },
    "H5": {
        "ProductID": "H5",
        "Product Name": "Water-Resistant Beef",
        "Product Description": "Profit-focused encompassing service-desk",
        "Category": "Furniture",
        "Company Brand": "Welch, Lozano and Thompson",
        "On-Hand Quantity": 145881,
        "Unit Price": "50.93 USD"
    },
    "C8": {
        "ProductID": "C8",
        "Product Name": "Water-Resistant Game Console",
        "Product Description": "Digitized tangible collaboration",
        "Category": "Clothing",
        "Company Brand": "Benitez, Barnes and Baker",
        "On-Hand Quantity": 142729,
        "Unit Price": "375.08 USD"
    },
    "I13": {
        "ProductID": "I13",
        "Product Name": "Beautiful Apple Product",
        "Product Description": "Sharable static focus group",
        "Category": "Fashion & Apparel",
        "Company Brand": "Sparks PLC",
        "On-Hand Quantity": 154135,
        "Unit Price": "589.19 USD"
    },
    "C16": {
        "ProductID": "C16",
        "Product Name": "Beautiful Telescope",
        "Product Description": "Assimilated solution-oriented moratorium",
        "Category": "Home Decor",
        "Company Brand": "Marsh-Peck",
        "On-Hand Quantity": 27685,
        "Unit Price": "166.75 USD"
    },
    "Q10": {
        "ProductID": "Q10",
        "Product Name": "Smooth Pet Toy",
        "Product Description": "Open-source scalable capability",
        "Category": "Furniture",
        "Company Brand": "Thomas, Scott and Dodson",
        "On-Hand Quantity": 57538,
        "Unit Price": "411.19 USD"
    },
    "L1": {
        "ProductID": "L1",
        "Product Name": "Tasty Mug",
        "Product Description": "Synchronized local protocol",
        "Category": "Fashion & Apparel",
        "Company Brand": "Smith Group",
        "On-Hand Quantity": 105460,
        "Unit Price": "118.80 USD"
    },
    "D5": {
        "ProductID": "D5",
        "Product Name": "Comfortable Phone",
        "Product Description": "Polarized responsive focus group",
        "Category": "Toys and Hobbies",
        "Company Brand": "Mcbride Ltd",
        "On-Hand Quantity": 173449,
        "Unit Price": "179.35 USD"
    },
    "O1": {
        "ProductID": "O1",
        "Product Name": "Smooth Pet Litter",
        "Product Description": "Virtual multi-state budgetary management",
        "Category": "Kitchen Items",
        "Company Brand": "Dominguez PLC",
        "On-Hand Quantity": 109857,
        "Unit Price": "14.23 USD"
    },
    "U14": {
        "ProductID": "U14",
        "Product Name": "Fragrance-Free Game Console",
        "Product Description": "Universal uniform flexibility",
        "Category": "Beauty",
        "Company Brand": "Campbell, Collins and Kaiser",
        "On-Hand Quantity": 35397,
        "Unit Price": "198.61 USD"
    },
    "P5": {
        "ProductID": "P5",
        "Product Name": "Perfect Pet Bed",
        "Product Description": "Networked maximized pricing structure",
        "Category": "Home Appliances",
        "Company Brand": "Nicholson, Gross and Russell",
        "On-Hand Quantity": 46775,
        "Unit Price": "804.27 USD"
    },
    "Z14": {
        "ProductID": "Z14",
        "Product Name": "Water-Resistant Telescope",
        "Product Description": "Decentralized 6thgeneration capacity",
        "Category": "Home Appliances",
        "Company Brand": "Sutton-Johnson",
        "On-Hand Quantity": 59745,
        "Unit Price": "477.56 USD"
    },
    "D24": {
        "ProductID": "D24",
        "Product Name": "Silky TV",
        "Product Description": "Digitized multimedia orchestration",
        "Category": "Pet Care",
        "Company Brand": "Rivers-Vazquez",
        "On-Hand Quantity": 105770,
        "Unit Price": "961.70 USD"
    },
    "P24": {
        "ProductID": "P24",
        "Product Name": "Fragrance-Free Cereal",
        "Product Description": "Future-proofed 3rdgeneration encoding",
        "Category": "Beauty",
        "Company Brand": "Spencer, Henderson and Cannon",
        "On-Hand Quantity": 8371,
        "Unit Price": "792.63 USD"
    },
    "X12": {
        "ProductID": "X12",
        "Product Name": "Tasty Phone Charger",
        "Product Description": "Intuitive stable throughput",
        "Category": "Beauty",
        "Company Brand": "Burke-Rice",
        "On-Hand Quantity": 128004,
        "Unit Price": "673.85 USD"
    },
    "V10": {
        "ProductID": "V10",
        "Product Name": "Silky Airpods",
        "Product Description": "Fundamental mobile adapter",
        "Category": "Furniture",
        "Company Brand": "Frank-Lamb",
        "On-Hand Quantity": 177653,
        "Unit Price": "225.62 USD"
    },
    "G11": {
        "ProductID": "G11",
        "Product Name": "Fragrance-Free Food",
        "Product Description": "Cloned mobile firmware",
        "Category": "Electronics",
        "Company Brand": "Houston, Moon and Bell",
        "On-Hand Quantity": 49514,
        "Unit Price": "876.74 USD"
    },
    "B18": {
        "ProductID": "B18",
        "Product Name": "Comfortable Cereal",
        "Product Description": "Exclusive eco-centric open architecture",
        "Category": "Home Appliances",
        "Company Brand": "Crosby-Watkins",
        "On-Hand Quantity": 41702,
        "Unit Price": "805.46 USD"
    },
    "U9": {
        "ProductID": "U9",
        "Product Name": "Designer Telescope",
        "Product Description": "Extended even-keeled functionalities",
        "Category": "DIY",
        "Company Brand": "Snow-Miller",
        "On-Hand Quantity": 112373,
        "Unit Price": "197.12 USD"
    },
    "T7": {
        "ProductID": "T7",
        "Product Name": "Luxurious Couch",
        "Product Description": "Business-focused hybrid architecture",
        "Category": "Home Appliances",
        "Company Brand": "Jones-Silva",
        "On-Hand Quantity": 91659,
        "Unit Price": "170.96 USD"
    },
    "U25": {
        "ProductID": "U25",
        "Product Name": "Fruity Jeans",
        "Product Description": "Pre-emptive grid-enabled encryption",
        "Category": "Electronics",
        "Company Brand": "Hughes-Schmitt",
        "On-Hand Quantity": 147383,
        "Unit Price": "446.50 USD"
    },
    "L22": {
        "ProductID": "L22",
        "Product Name": "Tasty Beef",
        "Product Description": "Profound local approach",
        "Category": "Electronics",
        "Company Brand": "Cortez-Brown",
        "On-Hand Quantity": 83275,
        "Unit Price": "424.45 USD"
    },
    "M12": {
        "ProductID": "M12",
        "Product Name": "Amazing Shirt",
        "Product Description": "Devolved dynamic hub",
        "Category": "Pet Care",
        "Company Brand": "Berry PLC",
        "On-Hand Quantity": 118443,
        "Unit Price": "89.02 USD"
    },
    "D22": {
        "ProductID": "D22",
        "Product Name": "Perfect Beef",
        "Product Description": "Expanded web-enabled solution",
        "Category": "Toys and Hobbies",
        "Company Brand": "Vaughn-Perez",
        "On-Hand Quantity": 65207,
        "Unit Price": "300.50 USD"
    },
    "O3": {
        "ProductID": "O3",
        "Product Name": "Designer Bedsheets",
        "Product Description": "Profit-focused eco-centric initiative",
        "Category": "Pet Care",
        "Company Brand": "Thompson-Winters",
        "On-Hand Quantity": 23653,
        "Unit Price": "997.20 USD"
    },
    "I21": {
        "ProductID": "I21",
        "Product Name": "Tasty Makeup",
        "Product Description": "Expanded intermediate workforce",
        "Category": "Beauty",
        "Company Brand": "Cox, Hill and Navarro",
        "On-Hand Quantity": 66455,
        "Unit Price": "627.95 USD"
    },
    "F14": {
        "ProductID": "F14",
        "Product Name": "Pretty Shoes",
        "Product Description": "Cross-group zero-defect hub",
        "Category": "Pet Care",
        "Company Brand": "Richards Ltd",
        "On-Hand Quantity": 73746,
        "Unit Price": "958.71 USD"
    },
    "X3": {
        "ProductID": "X3",
        "Product Name": "Fragrance-Free Pet Bed",
        "Product Description": "Managed client-driven info-mediaries",
        "Category": "DIY",
        "Company Brand": "Yoder, Mcgee and Blair",
        "On-Hand Quantity": 87815,
        "Unit Price": "546.07 USD"
    },
    "A8": {
        "ProductID": "A8",
        "Product Name": "Designer Pet Toy",
        "Product Description": "Distributed directional portal",
        "Category": "Furniture",
        "Company Brand": "Hoffman, Jones and Burnett",
        "On-Hand Quantity": 33863,
        "Unit Price": "777.21 USD"
    },
    "J25": {
        "ProductID": "J25",
        "Product Name": "Tasty Shirt",
        "Product Description": "Open-architected scalable toolset",
        "Category": "Kitchen Items",
        "Company Brand": "Kline, Padilla and Cervantes",
        "On-Hand Quantity": 195098,
        "Unit Price": "783.75 USD"
    },
    "Q19": {
        "ProductID": "Q19",
        "Product Name": "Perfect Laptop",
        "Product Description": "Reverse-engineered leadingedge benchmark",
        "Category": "Kitchen Items",
        "Company Brand": "Lee-Jenkins",
        "On-Hand Quantity": 127489,
        "Unit Price": "645.86 USD"
    },
    "T11": {
        "ProductID": "T11",
        "Product Name": "Silky Shirt",
        "Product Description": "Multi-channeled non-volatile groupware",
        "Category": "Beauty",
        "Company Brand": "Jones and Sons",
        "On-Hand Quantity": 164749,
        "Unit Price": "269.68 USD"
    },
    "P21": {
        "ProductID": "P21",
        "Product Name": "Odorless Bedsheets",
        "Product Description": "Multi-tiered global instruction set",
        "Category": "DIY",
        "Company Brand": "Jackson Inc",
        "On-Hand Quantity": 48825,
        "Unit Price": "949.14 USD"
    },
    "H12": {
        "ProductID": "H12",
        "Product Name": "Pretty Food",
        "Product Description": "Phased homogeneous matrix",
        "Category": "Electronics",
        "Company Brand": "Wilson, Harris and Hoffman",
        "On-Hand Quantity": 153850,
        "Unit Price": "862.92 USD"
    },
    "Y24": {
        "ProductID": "Y24",
        "Product Name": "Pretty Cereal",
        "Product Description": "Fundamental even-keeled standardization",
        "Category": "Kitchen Items",
        "Company Brand": "Reyes, Schultz and Miller",
        "On-Hand Quantity": 116481,
        "Unit Price": "862.44 USD"
    },
    "B10": {
        "ProductID": "B10",
        "Product Name": "Bright Lamp",
        "Product Description": "Team-oriented uniform process improvement",
        "Category": "Kitchen Items",
        "Company Brand": "Arellano, Chavez and Hancock",
        "On-Hand Quantity": 24419,
        "Unit Price": "406.80 USD"
    },
    "E13": {
        "ProductID": "E13",
        "Product Name": "Odorless Makeup",
        "Product Description": "Centralized logistical artificial intelligence",
        "Category": "Pet Care",
        "Company Brand": "Mckay-Hanson",
        "On-Hand Quantity": 120760,
        "Unit Price": "774.58 USD"
    },
    "W22": {
        "ProductID": "W22",
        "Product Name": "Amazing Couch",
        "Product Description": "Managed reciprocal application",
        "Category": "Pet Care",
        "Company Brand": "Taylor and Sons",
        "On-Hand Quantity": 149137,
        "Unit Price": "705.96 USD"
    },
    "C9": {
        "ProductID": "C9",
        "Product Name": "Smooth Phone Charger",
        "Product Description": "Face-to-face real-time leverage",
        "Category": "Toys and Hobbies",
        "Company Brand": "Torres-Ellis",
        "On-Hand Quantity": 121023,
        "Unit Price": "569.71 USD"
    },
    "T12": {
        "ProductID": "T12",
        "Product Name": "Bright Pet Bed",
        "Product Description": "Switchable needs-based intranet",
        "Category": "Clothing",
        "Company Brand": "Cuevas-Taylor",
        "On-Hand Quantity": 180117,
        "Unit Price": "788.66 USD"
    },
    "B23": {
        "ProductID": "B23",
        "Product Name": "Clean Game Console",
        "Product Description": "Diverse contextually-based groupware",
        "Category": "Kitchen Items",
        "Company Brand": "Ford PLC",
        "On-Hand Quantity": 151081,
        "Unit Price": "22.72 USD"
    },
    "Z8": {
        "ProductID": "Z8",
        "Product Name": "Clean Pet Toy",
        "Product Description": "Function-based coherent benchmark",
        "Category": "Home Decor",
        "Company Brand": "Bailey, Castro and Shaw",
        "On-Hand Quantity": 190572,
        "Unit Price": "501.20 USD"
    },
    "H2": {
        "ProductID": "H2",
        "Product Name": "Cool TV",
        "Product Description": "Customer-focused interactive artificial intelligence",
        "Category": "Beauty",
        "Company Brand": "Torres Ltd",
        "On-Hand Quantity": 186498,
        "Unit Price": "457.96 USD"
    },
    "A18": {
        "ProductID": "A18",
        "Product Name": "Enticing Food",
        "Product Description": "Re-engineered regional secured line",
        "Category": "Kitchen Items",
        "Company Brand": "Oconnell Ltd",
        "On-Hand Quantity": 64237,
        "Unit Price": "788.95 USD"
    },
    "J10": {
        "ProductID": "J10",
        "Product Name": "Fruity Jeans",
        "Product Description": "Programmable object-oriented data-warehouse",
        "Category": "DIY",
        "Company Brand": "Nichols, Scott and Goodman",
        "On-Hand Quantity": 23366,
        "Unit Price": "133.34 USD"
    },
    "P8": {
        "ProductID": "P8",
        "Product Name": "Cool Pet Toy",
        "Product Description": "Managed homogeneous Graphic Interface",
        "Category": "Home Decor",
        "Company Brand": "Lopez-Thompson",
        "On-Hand Quantity": 64830,
        "Unit Price": "64.31 USD"
    },
    "S1": {
        "ProductID": "S1",
        "Product Name": "Bright Lamp",
        "Product Description": "Sharable tertiary middleware",
        "Category": "Home Decor",
        "Company Brand": "Snyder, Henry and Atkinson",
        "On-Hand Quantity": 154112,
        "Unit Price": "480.82 USD"
    },
    "P14": {
        "ProductID": "P14",
        "Product Name": "Tasty Pet Bed",
        "Product Description": "Innovative asymmetric time-frame",
        "Category": "Toys and Hobbies",
        "Company Brand": "Rios PLC",
        "On-Hand Quantity": 111239,
        "Unit Price": "337.12 USD"
    },
    "I23": {
        "ProductID": "I23",
        "Product Name": "Fruity Beef",
        "Product Description": "Front-line maximized secured line",
        "Category": "Furniture",
        "Company Brand": "Marquez Group",
        "On-Hand Quantity": 127329,
        "Unit Price": "740.42 USD"
    },
    "G6": {
        "ProductID": "G6",
        "Product Name": "Odorless Pet Shampoo",
        "Product Description": "Pre-emptive 4thgeneration knowledgebase",
        "Category": "Toys and Hobbies",
        "Company Brand": "Oliver-Rivera",
        "On-Hand Quantity": 41098,
        "Unit Price": "923.11 USD"
    },
    "V1": {
        "ProductID": "V1",
        "Product Name": "Clean Paint",
        "Product Description": "Ameliorated value-added middleware",
        "Category": "Fashion & Apparel",
        "Company Brand": "Olsen, Lewis and White",
        "On-Hand Quantity": 56158,
        "Unit Price": "499.65 USD"
    },
    "L13": {
        "ProductID": "L13",
        "Product Name": "Designer Shirt",
        "Product Description": "User-centric stable secured line",
        "Category": "Electronics",
        "Company Brand": "Brown LLC",
        "On-Hand Quantity": 135866,
        "Unit Price": "924.06 USD"
    },
    "Z23": {
        "ProductID": "Z23",
        "Product Name": "Silky Phone Charger",
        "Product Description": "Optimized stable contingency",
        "Category": "Beauty",
        "Company Brand": "Cisneros, Medina and Harris",
        "On-Hand Quantity": 134806,
        "Unit Price": "896.01 USD"
    },
    "S2": {
        "ProductID": "S2",
        "Product Name": "Cozy Shoes",
        "Product Description": "Managed content-based artificial intelligence",
        "Category": "Home Decor",
        "Company Brand": "Miller LLC",
        "On-Hand Quantity": 135692,
        "Unit Price": "716.38 USD"
    },
    "O17": {
        "ProductID": "O17",
        "Product Name": "Odorless Shoes",
        "Product Description": "Monitored maximized structure",
        "Category": "DIY",
        "Company Brand": "Pope, Soto and Rodriguez",
        "On-Hand Quantity": 67478,
        "Unit Price": "301.82 USD"
    },
    "Q4": {
        "ProductID": "Q4",
        "Product Name": "Special Pet Bed",
        "Product Description": "Reduced dynamic productivity",
        "Category": "Toys and Hobbies",
        "Company Brand": "Bradley-Martinez",
        "On-Hand Quantity": 27977,
        "Unit Price": "772.85 USD"
    },
    "T9": {
        "ProductID": "T9",
        "Product Name": "Cool Pet Litter",
        "Product Description": "Versatile actuating protocol",
        "Category": "Toys and Hobbies",
        "Company Brand": "Mckenzie-Obrien",
        "On-Hand Quantity": 34169,
        "Unit Price": "956.28 USD"
    },
    "Q15": {
        "ProductID": "Q15",
        "Product Name": "Designer Chair",
        "Product Description": "Programmable incremental open architecture",
        "Category": "Fashion & Apparel",
        "Company Brand": "Bush, Wagner and David",
        "On-Hand Quantity": 24708,
        "Unit Price": "835.43 USD"
    },
    "Q18": {
        "ProductID": "Q18",
        "Product Name": "Unbreakable Mug",
        "Product Description": "Customizable explicit project",
        "Category": "Toys and Hobbies",
        "Company Brand": "Stanley-Carter",
        "On-Hand Quantity": 170628,
        "Unit Price": "327.22 USD"
    },
    "M15": {
        "ProductID": "M15",
        "Product Name": "Fast Beef",
        "Product Description": "Self-enabling scalable Graphic Interface",
        "Category": "Fashion & Apparel",
        "Company Brand": "Martin LLC",
        "On-Hand Quantity": 52770,
        "Unit Price": "39.11 USD"
    },
    "L24": {
        "ProductID": "L24",
        "Product Name": "Large TV",
        "Product Description": "Virtual asynchronous structure",
        "Category": "Entertainment",
        "Company Brand": "Ray Inc",
        "On-Hand Quantity": 46706,
        "Unit Price": "701.47 USD"
    },
    "V8": {
        "ProductID": "V8",
        "Product Name": "Bright Telescope",
        "Product Description": "Digitized 6thgeneration info-mediaries",
        "Category": "Home Decor",
        "Company Brand": "Little-Thomas",
        "On-Hand Quantity": 151601,
        "Unit Price": "952.12 USD"
    },
    "V23": {
        "ProductID": "V23",
        "Product Name": "Water-Resistant Chair",
        "Product Description": "Down-sized upward-trending approach",
        "Category": "Kitchen Items",
        "Company Brand": "Elliott-Barnett",
        "On-Hand Quantity": 123636,
        "Unit Price": "818.80 USD"
    },
    "B2": {
        "ProductID": "B2",
        "Product Name": "Unbreakable Beef",
        "Product Description": "Upgradable transitional service-desk",
        "Category": "DIY",
        "Company Brand": "Bradshaw, Myers and Bonilla",
        "On-Hand Quantity": 151951,
        "Unit Price": "650.31 USD"
    },
    "I7": {
        "ProductID": "I7",
        "Product Name": "Cool Telescope",
        "Product Description": "Profit-focused full-range framework",
        "Category": "Electronics",
        "Company Brand": "White PLC",
        "On-Hand Quantity": 26125,
        "Unit Price": "6.44 USD"
    },
    "P17": {
        "ProductID": "P17",
        "Product Name": "Tasty Lamp",
        "Product Description": "Networked optimizing encryption",
        "Category": "Clothing",
        "Company Brand": "Warner, Kline and Hernandez",
        "On-Hand Quantity": 78584,
        "Unit Price": "967.94 USD"
    },
    "D19": {
        "ProductID": "D19",
        "Product Name": "Pretty Pet Litter",
        "Product Description": "Realigned next generation project",
        "Category": "Pet Care",
        "Company Brand": "Johnson, Rodriguez and Harris",
        "On-Hand Quantity": 73068,
        "Unit Price": "68.22 USD"
    },
    "X11": {
        "ProductID": "X11",
        "Product Name": "Beautiful Pet Toy",
        "Product Description": "Triple-buffered disintermediate forecast",
        "Category": "Toys and Hobbies",
        "Company Brand": "Black-Lane",
        "On-Hand Quantity": 51702,
        "Unit Price": "504.67 USD"
    },
    "J19": {
        "ProductID": "J19",
        "Product Name": "Amazing Jeans",
        "Product Description": "Quality-focused 24/7 Internet solution",
        "Category": "Electronics",
        "Company Brand": "Garrett-Hinton",
        "On-Hand Quantity": 37661,
        "Unit Price": "438.71 USD"
    },
    "H25": {
        "ProductID": "H25",
        "Product Name": "Fragrance-Free Pet Bed",
        "Product Description": "Re-engineered systematic open system",
        "Category": "Home Appliances",
        "Company Brand": "Allen PLC",
        "On-Hand Quantity": 174040,
        "Unit Price": "895.18 USD"
    },
    "M22": {
        "ProductID": "M22",
        "Product Name": "Bright Beef",
        "Product Description": "Pre-emptive heuristic data-warehouse",
        "Category": "Home Decor",
        "Company Brand": "Burton-Clark",
        "On-Hand Quantity": 2558,
        "Unit Price": "187.59 USD"
    },
    "B13": {
        "ProductID": "B13",
        "Product Name": "Smooth TV",
        "Product Description": "Universal human-resource array",
        "Category": "Home Decor",
        "Company Brand": "Owens Group",
        "On-Hand Quantity": 66243,
        "Unit Price": "475.77 USD"
    },
    "Y16": {
        "ProductID": "Y16",
        "Product Name": "Enticing TV",
        "Product Description": "Open-architected bandwidth-monitored time-frame",
        "Category": "Kitchen Items",
        "Company Brand": "Chang-Contreras",
        "On-Hand Quantity": 33236,
        "Unit Price": "766.14 USD"
    },
    "Q1": {
        "ProductID": "Q1",
        "Product Name": "Designer TV",
        "Product Description": "Organic real-time Graphic Interface",
        "Category": "Clothing",
        "Company Brand": "Anderson, Jackson and Garner",
        "On-Hand Quantity": 103205,
        "Unit Price": "818.15 USD"
    },
    "X17": {
        "ProductID": "X17",
        "Product Name": "Cozy Airpods",
        "Product Description": "Self-enabling demand-driven throughput",
        "Category": "Clothing",
        "Company Brand": "Hammond-Campbell",
        "On-Hand Quantity": 143776,
        "Unit Price": "581.62 USD"
    }
}