{
    "TU48283": {
        "OrderID": "TU48283",
        "Order Date": "2025-09-13 00:00:00",
        "CustomerID": "2928917405"
    },
    "UA1903": {
        "OrderID": "UA1903",
        "Order Date": "2025-09-13 00:00:00",
        "CustomerID": "4716447848"
    },
    "FN61420": {
        "OrderID": "FN61420",
        "Order Date": "2025-09-13 00:00:00",
        "CustomerID": "2213561848"
    },
    "QN52416": {
        "OrderID": "QN52416",
        "Order Date": "2025-09-13 00:00:00",
        "CustomerID": "1336529325"
    },
    "WQ36535": {
        "OrderID": "WQ36535",
        "Order Date": "2025-09-13 00:00:00",
        "CustomerID": "897434288"
    },
    "TO89526": {
        "OrderID": "TO89526",
        "Order Date": "2025-09-13 00:00:00",
        "CustomerID": "6254978771"
    },
    "WN10859": {
        "OrderID": "WN10859",
        "Order Date": "2025-09-13 00:00:00",
        "CustomerID": "206826578"
    },
    "RT13713": {
        "OrderID": "RT13713",
        "Order Date": "2025-09-13 00:00:00",
        "CustomerID": "2142883115"
    },
    "KY89796": {
        "OrderID": "KY89796",
        "Order Date": "2025-09-13 00:00:00",
        "CustomerID": "5907781499"
    },
    "QX22179": {
        "OrderID": "QX22179",
        "Order Date": "2025-09-13 00:00:00",
        "CustomerID": "5675182829"
    },
    "WZ26645": {
        "OrderID": "WZ26645",
        "Order Date": "2025-09-13 00:00:00",
        "CustomerID": "4015275597"
    },
    "BJ75606": {
        "OrderID": "BJ75606",
        "Order Date": "2025-09-13 00:00:00",
        "CustomerID": "6611199804"
    },
    "UA12623": {
        "OrderID": "UA12623",
        "Order Date": "2025-09-13 00:00:00",
        "CustomerID": "639348434"
    },
    "AE60783": {
        "OrderID": "AE60783",
        "Order Date": "2025-09-13 00:00:00",
        "CustomerID": "4015275597"
    },
    "BT85418": {
        "OrderID": "BT85418",
        "Order Date": "2025-09-13 00:00:00",
        "CustomerID": "6236605807"
    },
    "CV34212": {
        "OrderID": "CV34212",
        "Order Date": "2025-09-13 00:00:00",
        "CustomerID": "3054633253"
    },
    "GO47387": {
        "OrderID": "GO47387",
        "Order Date": "2025-09-13 00:00:00",
        "CustomerID": "5333412888"
    },
    "DW4382": {
        "OrderID": "DW4382",
        "Order Date": "2025-09-13 00:00:00",
        "CustomerID": "7466432380"
    },
    "SU69270": {
        "OrderID": "SU69270",
        "Order Date": "2025-09-13 00:00:00",
        "CustomerID": "6236605807"
    },
    "YE49726": {
        "OrderID": "YE49726",
        "Order Date": "2025-09-13 00:00:00",
        "CustomerID": "6753654865"
    },
    "AT13610": {
        "OrderID": "AT13610",
        "Order Date": "2025-09-13 00:00:00",
        "CustomerID": "3160637360"
    },
    "VT92998": {
        "OrderID": "VT92998",
        "Order Date": "2025-09-13 00:00:00",
        "CustomerID": "3777560087"
    },
    "IE77610": {
        "OrderID": "IE77610",
        "Order Date": "2025-09-13 00:00:00",
        "CustomerID": "1665855786"
    },
    "SY72358": {
        "OrderID": "SY72358",
        "Order Date": "2025-09-13 00:00:00",
        "CustomerID": "3227732841"
    },
    "WC20773": {
        "OrderID": "WC20773",
        "Order Date": "2025-09-13 00:00:00",
        "CustomerID": "153343267"
    },
    "SC14310": {
        "OrderID": "SC14310",
        "Order Date": "2025-09-13 00:00:00",
        "CustomerID": "7457757239"
    },
    "GR33857": {
        "OrderID": "GR33857",
        "Order Date": "2025-09-13 00:00:00",
        "CustomerID": "2472789878"
    },
    "VX17228": {
        "OrderID": "VX17228",
        "Order Date": "2025-09-13 00:00:00",
        "CustomerID": "3851357608"
    },
    "JX12689": {
        "OrderID": "JX12689",
        "Order Date": "2025-09-13 00:00:00",
        "CustomerID": "5322648637"
    },
    "YT89572": {
        "OrderID": "YT89572",
        "Order Date": "2025-09-13 00:00:00",
        "CustomerID": "6909726811"
    },
    "JN82454": {
        "OrderID": "JN82454",
        "Order Date": "2025-09-13 00:00:00",
        "CustomerID": "4224416461"
    },
    "OK18003": {
        "OrderID": "OK18003",
        "Order Date": "2025-09-13 00:00:00",
        "CustomerID": "7239774637"
    },
    "UC53304": {
        "OrderID": "UC53304",
        "Order Date": "2025-09-13 00:00:00",
        "CustomerID": "1227112918"
    },
    "AH50098": {
        "OrderID": "AH50098",
        "Order Date": "2025-09-13 00:00:00",
        "CustomerID": "327929880"
    },
    "XR46547": {
        "OrderID": "XR46547",
        "Order Date": "2025-09-13 00:00:00",
        "CustomerID": "3424657916"
    },
    "FZ99429": {
        "OrderID": "FZ99429",
        "Order Date": "2025-09-13 00:00:00",
        "CustomerID": "3120741367"
    },
    "IV70362": {
        "OrderID": "IV70362",
        "Order Date": "2025-09-13 00:00:00",
        "CustomerID": "5722151402"
    },
    "GD66401": {
        "OrderID": "GD66401",
        "Order Date": "2025-09-13 00:00:00",
        "CustomerID": "200233323"
    },
    "WZ19470": {
        "OrderID": "WZ19470",
        "Order Date": "2025-09-13 00:00:00",
        "CustomerID": "4253459869"
    },
    "AK32489": {
        "OrderID": "AK32489",
        "Order Date": "2025-09-13 00:00:00",
        "CustomerID": "213650671"
    },
    "IH83308": {
        "OrderID": "IH83308",
        "Order Date": "2025-09-13 00:00:00",
        "CustomerID": "5285315117"
    },
    "FM32822": {
        "OrderID": "FM32822",
        "Order Date": "2025-09-13 00:00:00",
        "CustomerID": "6173844501"
    },
    "AV88367": {
        "OrderID": "AV88367",
        "Order Date": "2025-09-13 00:00:00",
        "CustomerID": "1584519094"
    },
    "EE66728": {
        "OrderID": "EE66728",
        "Order Date": "2025-09-13 00:00:00",
        "CustomerID": "253662720"
    },
    "SN94625": {
        "OrderID": "SN94625",
        "Order Date": "2025-09-13 00:00:00",
        "CustomerID": "2796295376"
    },
    "SO91740": {
        "OrderID": "SO91740",
        "Order Date": "2025-09-13 00:00:00",
        "CustomerID": "7666080684"
    },
    "XZ29000": {
        "OrderID": "XZ29000",
        "Order Date": "2025-09-13 00:00:00",
        "CustomerID": "4053620580"
    },
    "DL30271": {
        "OrderID": "DL30271",
        "Order Date": "2025-09-13 00:00:00",
        "CustomerID": "5250301472"
    },
    "KC42781": {
        "OrderID": "KC42781",
        "Order Date": "2025-09-13 00:00:00",
        "CustomerID": "2352343613"
    },
    "ZM77005": {
        "OrderID": "ZM77005",
        "Order Date": "2025-09-13 00:00:00",
        "CustomerID": "7713882124"
    },
    "SD45407": {
        "OrderID": "SD45407",
        "Order Date": "2025-09-13 00:00:00",
        "CustomerID": "2736740880"
    },
    "FV2487": {
        "OrderID": "FV2487",
        "Order Date": "2025-09-13 00:00:00",
        "CustomerID": "5333412888"
    },
    "XP74391": {
        "OrderID": "XP74391",
        "Order Date": "2025-09-13 00:00:00",
        "CustomerID": "4603419835"
    },
    "PA4926": {
        "OrderID": "PA4926",
        "Order Date": "2025-09-13 00:00:00",
        "CustomerID": "5326351767"
    },
    "VI18515": {
        "OrderID": "VI18515",
        "Order Date": "2025-09-13 00:00:00",
        "CustomerID": "6600972053"
    },
    "NH73518": {
        "OrderID": "NH73518",
        "Order Date": "2025-09-13 00:00:00",
        "CustomerID": "3360067013"
    },
    "IP38575": {
        "OrderID": "IP38575",
        "Order Date": "2025-09-13 00:00:00",
        "CustomerID": "80254428"
    },
    "ZS18778": {
        "OrderID": "ZS18778",
        "Order Date": "2025-09-13 00:00:00",
        "CustomerID": "5400907933"
    },
    "ZD24655": {
        "OrderID": "ZD24655",
        "Order Date": "2025-09-13 00:00:00",
        "CustomerID": "1289455899"
    },
    "TH96446": {
        "OrderID": "TH96446",
        "Order Date": "2025-09-13 00:00:00",
        "CustomerID": "5282176384"
    },
    "FV79711": {
        "OrderID": "FV79711",
        "Order Date": "2025-09-13 00:00:00",
        "CustomerID": "6853867419"
    },
    "RZ12135": {
        "OrderID": "RZ12135",
        "Order Date": "2025-09-13 00:00:00",
        "CustomerID": "4592862747"
    },
    "CW61808": {
        "OrderID": "CW61808",
        "Order Date": "2025-09-13 00:00:00",
        "CustomerID": "7737163377"
    },
    "KI43858": {
        "OrderID": "KI43858",
        "Order Date": "2025-09-13 00:00:00",
        "CustomerID": "3901552572"
    },
    "QE49840": {
        "OrderID": "QE49840",
        "Order Date": "2025-09-13 00:00:00",
        "CustomerID": "5364469095"
    },
    "HE83806": {
        "OrderID": "HE83806",
        "Order Date": "2025-09-13 00:00:00",
        "CustomerID": "2825250729"
    },
    "TZ45040": {
        "OrderID": "TZ45040",
        "Order Date": "2025-09-13 00:00:00",
        "CustomerID": "4911946957"
    },
    "PD15285": {
        "OrderID": "PD15285",
        "Order Date": "2025-09-13 00:00:00",
        "CustomerID": "5025461404"
    },
    "EF69538": {
        "OrderID": "EF69538",
        "Order Date": "2025-09-13 00:00:00",
        "CustomerID": "2830253009"
    },
    "WC58263": {
        "OrderID": "WC58263",
        "Order Date": "2025-09-13 00:00:00",
        "CustomerID": "3016853396"
    },
    "YH3544": {
        "OrderID": "YH3544",
        "Order Date": "2025-09-13 00:00:00",
        "CustomerID": "7141002103"
    },
    "FV6654": {
        "OrderID": "FV6654",
        "Order Date": "2025-09-13 00:00:00",
        "CustomerID": "5453468840"
    },
    "LJ3309": {
        "OrderID": "LJ3309",
        "Order Date": "2025-09-13 00:00:00",
        "CustomerID": "4336722005"
    },
    "SA35351": {
        "OrderID": "SA35351",
        "Order Date": "2025-09-13 00:00:00",
        "CustomerID": "1096473975"
    },
    "CH97710": {
        "OrderID": "CH97710",
        "Order Date": "2025-09-13 00:00:00",
        "CustomerID": "1388251758"
    },
    "DQ24941": {
        "OrderID": "DQ24941",
        "Order Date": "2025-09-13 00:00:00",
        "CustomerID": "1749291337"
    },
    "JY61688": {
        "OrderID": "JY61688",
        "Order Date": "2025-09-13 00:00:00",
        "CustomerID": "389708501"
    },
    "YK83912": {
        "OrderID": "YK83912",
        "Order Date": "2025-09-13 00:00:00",
        "CustomerID": "7777674984"
    },
    "DO95777": {
        "OrderID": "DO95777",
        "Order Date": "2025-09-13 00:00:00",
        "CustomerID": "7915635007"
    },
    "MX54911": {
        "OrderID": "MX54911",
        "Order Date": "2025-09-13 00:00:00",
        "CustomerID": "7063622256"
    },
    "PV46976": {
        "OrderID": "PV46976",
        "Order Date": "2025-09-13 00:00:00",
        "CustomerID": "22165064"
    },
    "PL26704": {
        "OrderID": "PL26704",
        "Order Date": "2025-09-13 00:00:00",
        "CustomerID": "7923855089"
    },
    "VO42527": {
        "OrderID": "VO42527",
        "Order Date": "2025-09-13 00:00:00",
        "CustomerID": "1483870813"
    },
    "ED87159": {
        "OrderID": "ED87159",
        "Order Date": "2025-09-13 00:00:00",
        "CustomerID": "2746322961"
    },
    "EW70284": {
        "OrderID": "EW70284",
        "Order Date": "2025-09-13 00:00:00",
        "CustomerID": "2832667716"
    },
    "BE14832": {
        "OrderID": "BE14832",
        "Order Date": "2025-09-13 00:00:00",
        "CustomerID": "6566107147"
    },
    "DT58230": {
        "OrderID": "DT58230",
        "Order Date": "2025-09-13 00:00:00",
        "CustomerID": "1024347721"
    },
    "MD35668": {
        "OrderID": "MD35668",
        "Order Date": "2025-09-13 00:00:00",
        "CustomerID": "2668096080"
    },
    "AJ24891": {
        "OrderID": "AJ24891",
        "Order Date": "2025-09-13 00:00:00",
        "CustomerID": "7600001236"
    },
    "FZ94861": {
        "OrderID": "FZ94861",
        "Order Date": "2025-09-13 00:00:00",
        "CustomerID": "2922147745"
    },
    "IT43899": {
        "OrderID": "IT43899",
        "Order Date": "2025-09-13 00:00:00",
        "CustomerID": "5054512756"
    },
    "FN80397": {
        "OrderID": "FN80397",
        "Order Date": "2025-09-13 00:00:00",
        "CustomerID": "5354069069"
    },
    "JV15321": {
        "OrderID": "JV15321",
        "Order Date": "2025-09-13 00:00:00",
        "CustomerID": "765835227"
    },
    "JV73776": {
        "OrderID": "JV73776",
        "Order Date": "2025-09-13 00:00:00",
        "CustomerID": "3270294699"
    },
    "TO49376": {
        "OrderID": "TO49376",
        "Order Date": "2025-09-13 00:00:00",
        "CustomerID": "7775751620"
    },
    "WS94352": {
        "OrderID": "WS94352",
        "Order Date": "2025-09-13 00:00:00",
        "CustomerID": "2882429662"
    },
    "SQ9896": {
        "OrderID": "SQ9896",
        "Order Date": "2025-09-13 00:00:00",
        "CustomerID": "583209449"
    },
    "FI43733": {
        "OrderID": "FI43733",
        "Order Date": "2025-09-13 00:00:00",
        "CustomerID": "4126170012"
    },
    "AC50616": {
        "OrderID": "AC50616",
        "Order Date": "2025-09-13 00:00:00",
        "CustomerID": "7560348981"
    },
    "SQ27670": {
        "OrderID": "SQ27670",
        "Order Date": "2025-09-13 00:00:00",
        "CustomerID": "5197499350"
    },
    "KW78735": {
        "OrderID": "KW78735",
        "Order Date": "2025-09-26 00:00:00",
        "CustomerID": "5760311266"
    },
    "SC77840": {
        "OrderID": "SC77840",
        "Order Date": "2025-09-26 00:00:00",
        "CustomerID": "6800287244"
    },
    "JT95363": {
        "OrderID": "JT95363",
        "Order Date": "2025-09-26 00:00:00",
        "CustomerID": "3046245241"
    },
    "LH45897": {
        "OrderID": "LH45897",
        "Order Date": "2025-09-26 00:00:00",
        "CustomerID": "255691516"
    },
    "PV93971": {
        "OrderID": "PV93971",
        "Order Date": "2025-09-26 00:00:00",
        "CustomerID": "4102156707"
    },
    "GQ1444": {
        "OrderID": "GQ1444",
        "Order Date": "2025-09-26 00:00:00",
        "CustomerID": "3237697788"
    },
    "NE2252": {
        "OrderID": "NE2252",
        "Order Date": "2025-09-26 00:00:00",
        "CustomerID": "5870815633"
    },
    "ZB48138": {
        "OrderID": "ZB48138",
        "Order Date": "2025-09-26 00:00:00",
        "CustomerID": "6595398476"
    },
    "TU40426": {
        "OrderID": "TU40426",
        "Order Date": "2025-09-26 00:00:00",
        "CustomerID": "6917316761"
    },
    "OC62853": {
        "OrderID": "OC62853",
        "Order Date": "2025-09-26 00:00:00",
        "CustomerID": "6004905856"
    },
    "HE30758": {
        "OrderID": "HE30758",
        "Order Date": "2025-09-26 00:00:00",
        "CustomerID": "4900502757"
    },
    "FP27757": {
        "OrderID": "FP27757",
        "Order Date": "2025-09-26 00:00:00",
        "CustomerID": "3817818844"
    },
    "ZD23304": {
        "OrderID": "ZD23304",
        "Order Date": "2025-09-26 00:00:00",
        "CustomerID": "1110006131"
    },
    "FU21225": {
        "OrderID": "FU21225",
        "Order Date": "2025-09-26 00:00:00",
        "CustomerID": "7345701990"
    },
    "UY60234": {
        "OrderID": "UY60234",
        "Order Date": "2025-09-26 00:00:00",
        "CustomerID": "445372980"
    },
    "OW66130": {
        "OrderID": "OW66130",
        "Order Date": "2025-09-26 00:00:00",
        "CustomerID": "4360691608"
    },
    "YJ23910": {
        "OrderID": "YJ23910",
        "Order Date": "2025-09-26 00:00:00",
        "CustomerID": "3817818844"
    },
    "RZ42932": {
        "OrderID": "RZ42932",
        "Order Date": "2025-09-26 00:00:00",
        "CustomerID": "6810472749"
    },
    "MX98466": {
        "OrderID": "MX98466",
        "Order Date": "2025-09-26 00:00:00",
        "CustomerID": "1938113726"
    },
    "UW41468": {
        "OrderID": "UW41468",
        "Order Date": "2025-09-26 00:00:00",
        "CustomerID": "7793336072"
    },
    "OV35783": {
        "OrderID": "OV35783",
        "Order Date": "2025-09-26 00:00:00",
        "CustomerID": "4895396545"
    },
    "PT39601": {
        "OrderID": "PT39601",
        "Order Date": "2025-09-26 00:00:00",
        "CustomerID": "2306178063"
    },
    "LD72834": {
        "OrderID": "LD72834",
        "Order Date": "2025-09-26 00:00:00",
        "CustomerID": "2472129876"
    },
    "QW38562": {
        "OrderID": "QW38562",
        "Order Date": "2025-09-26 00:00:00",
        "CustomerID": "5075574047"
    },
    "VL40006": {
        "OrderID": "VL40006",
        "Order Date": "2025-09-26 00:00:00",
        "CustomerID": "7822839038"
    },
    "AL56716": {
        "OrderID": "AL56716",
        "Order Date": "2025-09-26 00:00:00",
        "CustomerID": "6173982862"
    },
    "IW52744": {
        "OrderID": "IW52744",
        "Order Date": "2025-09-26 00:00:00",
        "CustomerID": "2204809497"
    },
    "KD21554": {
        "OrderID": "KD21554",
        "Order Date": "2025-09-26 00:00:00",
        "CustomerID": "6924328958"
    },
    "HS95741": {
        "OrderID": "HS95741",
        "Order Date": "2025-09-26 00:00:00",
        "CustomerID": "89791867"
    },
    "WM79393": {
        "OrderID": "WM79393",
        "Order Date": "2025-09-26 00:00:00",
        "CustomerID": "1776253473"
    },
    "PM65718": {
        "OrderID": "PM65718",
        "Order Date": "2025-09-26 00:00:00",
        "CustomerID": "6741817658"
    },
    "EH5044": {
        "OrderID": "EH5044",
        "Order Date": "2025-09-26 00:00:00",
        "CustomerID": "7451685053"
    },
    "XM55774": {
        "OrderID": "XM55774",
        "Order Date": "2025-09-26 00:00:00",
        "CustomerID": "3767648937"
    },
    "AI66058": {
        "OrderID": "AI66058",
        "Order Date": "2025-09-26 00:00:00",
        "CustomerID": "7915635007"
    },
    "VL41626": {
        "OrderID": "VL41626",
        "Order Date": "2025-09-26 00:00:00",
        "CustomerID": "3651033395"
    },
    "DE24783": {
        "OrderID": "DE24783",
        "Order Date": "2025-09-26 00:00:00",
        "CustomerID": "4841639738"
    },
    "CP6115": {
        "OrderID": "CP6115",
        "Order Date": "2025-09-26 00:00:00",
        "CustomerID": "3046245241"
    },
    "QO79591": {
        "OrderID": "QO79591",
        "Order Date": "2025-09-26 00:00:00",
        "CustomerID": "89791867"
    },
    "UM11119": {
        "OrderID": "UM11119",
        "Order Date": "2025-09-26 00:00:00",
        "CustomerID": "4307211144"
    },
    "QQ65022": {
        "OrderID": "QQ65022",
        "Order Date": "2025-09-26 00:00:00",
        "CustomerID": "6004818823"
    },
    "EH94003": {
        "OrderID": "EH94003",
        "Order Date": "2025-09-26 00:00:00",
        "CustomerID": "4561764842"
    },
    "AZ87213": {
        "OrderID": "AZ87213",
        "Order Date": "2025-09-26 00:00:00",
        "CustomerID": "2874086371"
    },
    "NK91738": {
        "OrderID": "NK91738",
        "Order Date": "2025-09-26 00:00:00",
        "CustomerID": "66015232"
    },
    "AY25647": {
        "OrderID": "AY25647",
        "Order Date": "2025-09-26 00:00:00",
        "CustomerID": "2225539634"
    },
    "BK3959": {
        "OrderID": "BK3959",
        "Order Date": "2025-09-26 00:00:00",
        "CustomerID": "1552960336"
    },
    "JX8022": {
        "OrderID": "JX8022",
        "Order Date": "2025-09-26 00:00:00",
        "CustomerID": "2576336919"
    },
    "ZN60037": {
        "OrderID": "ZN60037",
        "Order Date": "2025-09-26 00:00:00",
        "CustomerID": "2007422520"
    },
    "KC21202": {
        "OrderID": "KC21202",
        "Order Date": "2025-09-26 00:00:00",
        "CustomerID": "4864019688"
    },
    "LV16619": {
        "OrderID": "LV16619",
        "Order Date": "2025-09-26 00:00:00",
        "CustomerID": "2137159676"
    },
    "ML29895": {
        "OrderID": "ML29895",
        "Order Date": "2025-09-26 00:00:00",
        "CustomerID": "7493744756"
    },
    "QO87796": {
        "OrderID": "QO87796",
        "Order Date": "2025-09-26 00:00:00",
        "CustomerID": "2493637283"
    },
    "OM46497": {
        "OrderID": "OM46497",
        "Order Date": "2025-09-26 00:00:00",
        "CustomerID": "3110435472"
    },
    "QJ51003": {
        "OrderID": "QJ51003",
        "Order Date": "2025-09-26 00:00:00",
        "CustomerID": "7165550047"
    },
    "AC13683": {
        "OrderID": "AC13683",
        "Order Date": "2025-09-26 00:00:00",
        "CustomerID": "3270294699"
    },
    "DB84875": {
        "OrderID": "DB84875",
        "Order Date": "2025-09-26 00:00:00",
        "CustomerID": "1184072843"
    },
    "BS12749": {
        "OrderID": "BS12749",
        "Order Date": "2025-09-26 00:00:00",
        "CustomerID": "6580501542"
    },
    "KV8585": {
        "OrderID": "KV8585",
        "Order Date": "2025-09-26 00:00:00",
        "CustomerID": "5358210006"
    },
    "EM85309": {
        "OrderID": "EM85309",
        "Order Date": "2025-09-26 00:00:00",
        "CustomerID": "1988835263"
    },
    "BG99552": {
        "OrderID": "BG99552",
        "Order Date": "2025-09-26 00:00:00",
        "CustomerID": "3879501363"
    },
    "UX9476": {
        "OrderID": "UX9476",
        "Order Date": "2025-09-26 00:00:00",
        "CustomerID": "7582315465"
    },
    "GR41712": {
        "OrderID": "GR41712",
        "Order Date": "2025-09-26 00:00:00",
        "CustomerID": "1070615892"
    },
    "SU86643": {
        "OrderID": "SU86643",
        "Order Date": "2025-09-26 00:00:00",
        "CustomerID": "4283938644"
    },
    "FZ12777": {
        "OrderID": "FZ12777",
        "Order Date": "2025-09-26 00:00:00",
        "CustomerID": "7667577594"
    },
    "XR58049": {
        "OrderID": "XR58049",
        "Order Date": "2025-09-26 00:00:00",
        "CustomerID": "7353896712"
    },
    "NV10378": {
        "OrderID": "NV10378",
        "Order Date": "2025-09-26 00:00:00",
        "CustomerID": "6610950218"
    },
    "DC21063": {
        "OrderID": "DC21063",
        "Order Date": "2025-09-26 00:00:00",
        "CustomerID": "4032723593"
    },
    "VH83634": {
        "OrderID": "VH83634",
        "Order Date": "2025-09-26 00:00:00",
        "CustomerID": "6243698084"
    },
    "WV54156": {
        "OrderID": "WV54156",
        "Order Date": "2025-09-26 00:00:00",
        "CustomerID": "3170267494"
    },
    "RS26986": {
        "OrderID": "RS26986",
        "Order Date": "2025-09-26 00:00:00",
        "CustomerID": "7728365215"
    },
    "UI79594": {
        "OrderID": "UI79594",
        "Order Date": "2025-09-26 00:00:00",
        "CustomerID": "7793336072"
    },
    "KD31582": {
        "OrderID": "KD31582",
        "Order Date": "2025-09-26 00:00:00",
        "CustomerID": "5739538105"
    },
    "WY89188": {
        "OrderID": "WY89188",
        "Order Date": "2025-09-26 00:00:00",
        "CustomerID": "2278490600"
    },
    "AY38298": {
        "OrderID": "AY38298",
        "Order Date": "2025-09-26 00:00:00",
        "CustomerID": "3853702390"
    },
    "KO78051": {
        "OrderID": "KO78051",
        "Order Date": "2025-09-26 00:00:00",
        "CustomerID": "6627744202"
    },
    "SL26803": {
        "OrderID": "SL26803",
        "Order Date": "2025-09-26 00:00:00",
        "CustomerID": "7342158275"
    },
    "FN43389": {
        "OrderID": "FN43389",
        "Order Date": "2025-09-26 00:00:00",
        "CustomerID": "6941793717"
    },
    "QY61390": {
        "OrderID": "QY61390",
        "Order Date": "2025-09-26 00:00:00",
        "CustomerID": "4291634479"
    },
    "YK47169": {
        "OrderID": "YK47169",
        "Order Date": "2025-09-26 00:00:00",
        "CustomerID": "5126564353"
    },
    "RN30431": {
        "OrderID": "RN30431",
        "Order Date": "2025-09-26 00:00:00",
        "CustomerID": "1088013338"
    },
    "PP35165": {
        "OrderID": "PP35165",
        "Order Date": "2025-09-26 00:00:00",
        "CustomerID": "4919180735"
    },
    "EQ98794": {
        "OrderID": "EQ98794",
        "Order Date": "2025-09-26 00:00:00",
        "CustomerID": "456939184"
    },
    "GW83632": {
        "OrderID": "GW83632",
        "Order Date": "2025-09-26 00:00:00",
        "CustomerID": "405900697"
    },
    "GC18566": {
        "OrderID": "GC18566",
        "Order Date": "2025-09-26 00:00:00",
        "CustomerID": "5825756951"
    },
    "HT86080": {
        "OrderID": "HT86080",
        "Order Date": "2025-09-26 00:00:00",
        "CustomerID": "6516744931"
    },
    "SW38649": {
        "OrderID": "SW38649",
        "Order Date": "2025-09-26 00:00:00",
        "CustomerID": "6644673236"
    },
    "TU17534": {
        "OrderID": "TU17534",
        "Order Date": "2025-09-26 00:00:00",
        "CustomerID": "6314072829"
    },
    "SG43838": {
        "OrderID": "SG43838",
        "Order Date": "2025-09-26 00:00:00",
        "CustomerID": "3297592192"
    },
    "YW27226": {
        "OrderID": "YW27226",
        "Order Date": "2025-09-26 00:00:00",
        "CustomerID": "870252520"
    },
    "RI696": {
        "OrderID": "RI696",
        "Order Date": "2025-09-26 00:00:00",
        "CustomerID": "405900697"
    },
    "JA4910": {
        "OrderID": "JA4910",
        "Order Date": "2025-09-26 00:00:00",
        "CustomerID": "5863318824"
    },
    "NK44213": {
        "OrderID": "NK44213",
        "Order Date": "2025-09-26 00:00:00",
        "CustomerID": "5994686393"
    },
    "DI40427": {
        "OrderID": "DI40427",
        "Order Date": "2025-09-26 00:00:00",
        "CustomerID": "7665924359"
    },
    "DD31114": {
        "OrderID": "DD31114",
        "Order Date": "2025-09-26 00:00:00",
        "CustomerID": "5307877103"
    },
    "FJ80749": {
        "OrderID": "FJ80749",
        "Order Date": "2025-09-26 00:00:00",
        "CustomerID": "153343267"
    },
    "DS78394": {
        "OrderID": "DS78394",
        "Order Date": "2025-09-26 00:00:00",
        "CustomerID": "38097286"
    },
    "FR46195": {
        "OrderID": "FR46195",
        "Order Date": "2025-09-26 00:00:00",
        "CustomerID": "5760311266"
    },
    "OP1225": {
        "OrderID": "OP1225",
        "Order Date": "2025-09-26 00:00:00",
        "CustomerID": "97348133"
    },
    "FZ94150": {
        "OrderID": "FZ94150",
        "Order Date": "2025-09-26 00:00:00",
        "CustomerID": "6951012726"
    },
    "QD54275": {
        "OrderID": "QD54275",
        "Order Date": "2025-09-26 00:00:00",
        "CustomerID": "6254978771"
    },
    "KD83992": {
        "OrderID": "KD83992",
        "Order Date": "2025-09-26 00:00:00",
        "CustomerID": "4217767545"
    },
    "DL14799": {
        "OrderID": "DL14799",
        "Order Date": "2025-10-10 00:00:00",
        "CustomerID": "1410824353"
    },
    "UQ16520": {
        "OrderID": "UQ16520",
        "Order Date": "2025-10-10 00:00:00",
        "CustomerID": "1668604752"
    },
    "WE4158": {
        "OrderID": "WE4158",
        "Order Date": "2025-10-10 00:00:00",
        "CustomerID": "1087558990"
    },
    "UG28068": {
        "OrderID": "UG28068",
        "Order Date": "2025-10-10 00:00:00",
        "CustomerID": "1543660703"
    },
    "YN46436": {
        "OrderID": "YN46436",
        "Order Date": "2025-10-10 00:00:00",
        "CustomerID": "7010946645"
    },
    "FE68622": {
        "OrderID": "FE68622",
        "Order Date": "2025-10-10 00:00:00",
        "CustomerID": "7181959091"
    },
    "FD40813": {
        "OrderID": "FD40813",
        "Order Date": "2025-10-10 00:00:00",
        "CustomerID": "5189351139"
    },
    "WI19416": {
        "OrderID": "WI19416",
        "Order Date": "2025-10-10 00:00:00",
        "CustomerID": "5316575530"
    },
    "EH14807": {
        "OrderID": "EH14807",
        "Order Date": "2025-10-10 00:00:00",
        "CustomerID": "4838912946"
    },
    "IO46229": {
        "OrderID": "IO46229",
        "Order Date": "2025-10-10 00:00:00",
        "CustomerID": "5773457122"
    },
    "GF70693": {
        "OrderID": "GF70693",
        "Order Date": "2025-10-10 00:00:00",
        "CustomerID": "1916658616"
    },
    "PK20485": {
        "OrderID": "PK20485",
        "Order Date": "2025-10-10 00:00:00",
        "CustomerID": "1115631398"
    },
    "MW4056": {
        "OrderID": "MW4056",
        "Order Date": "2025-10-10 00:00:00",
        "CustomerID": "679060338"
    },
    "TV38825": {
        "OrderID": "TV38825",
        "Order Date": "2025-10-10 00:00:00",
        "CustomerID": "335141681"
    },
    "AH72318": {
        "OrderID": "AH72318",
        "Order Date": "2025-10-10 00:00:00",
        "CustomerID": "7791244043"
    },
    "RE95878": {
        "OrderID": "RE95878",
        "Order Date": "2025-10-10 00:00:00",
        "CustomerID": "5217915195"
    },
    "SJ65115": {
        "OrderID": "SJ65115",
        "Order Date": "2025-10-10 00:00:00",
        "CustomerID": "1364974161"
    },
    "ZE39097": {
        "OrderID": "ZE39097",
        "Order Date": "2025-10-10 00:00:00",
        "CustomerID": "2027076294"
    },
    "UP91795": {
        "OrderID": "UP91795",
        "Order Date": "2025-10-10 00:00:00",
        "CustomerID": "2167860202"
    },
    "AS99467": {
        "OrderID": "AS99467",
        "Order Date": "2025-10-10 00:00:00",
        "CustomerID": "6878761830"
    },
    "GE81923": {
        "OrderID": "GE81923",
        "Order Date": "2025-10-10 00:00:00",
        "CustomerID": "7822505109"
    },
    "HE2720": {
        "OrderID": "HE2720",
        "Order Date": "2025-10-10 00:00:00",
        "CustomerID": "3106916929"
    },
    "MP47076": {
        "OrderID": "MP47076",
        "Order Date": "2025-10-10 00:00:00",
        "CustomerID": "6909529498"
    },
    "QX75573": {
        "OrderID": "QX75573",
        "Order Date": "2025-10-10 00:00:00",
        "CustomerID": "4841639738"
    },
    "RW80883": {
        "OrderID": "RW80883",
        "Order Date": "2025-10-10 00:00:00",
        "CustomerID": "6042010957"
    },
    "QU45637": {
        "OrderID": "QU45637",
        "Order Date": "2025-10-10 00:00:00",
        "CustomerID": "7745458045"
    },
    "GH41358": {
        "OrderID": "GH41358",
        "Order Date": "2025-10-10 00:00:00",
        "CustomerID": "100926772"
    },
    "YR87676": {
        "OrderID": "YR87676",
        "Order Date": "2025-10-10 00:00:00",
        "CustomerID": "169314439"
    },
    "EH67600": {
        "OrderID": "EH67600",
        "Order Date": "2025-10-10 00:00:00",
        "CustomerID": "7029063056"
    },
    "BU80000": {
        "OrderID": "BU80000",
        "Order Date": "2025-10-10 00:00:00",
        "CustomerID": "4675818693"
    },
    "DU53212": {
        "OrderID": "DU53212",
        "Order Date": "2025-10-10 00:00:00",
        "CustomerID": "7853546076"
    },
    "FT74111": {
        "OrderID": "FT74111",
        "Order Date": "2025-10-10 00:00:00",
        "CustomerID": "3502363655"
    },
    "VE58347": {
        "OrderID": "VE58347",
        "Order Date": "2025-10-10 00:00:00",
        "CustomerID": "381124010"
    },
    "PF99957": {
        "OrderID": "PF99957",
        "Order Date": "2025-10-10 00:00:00",
        "CustomerID": "7895735370"
    },
    "ND56258": {
        "OrderID": "ND56258",
        "Order Date": "2025-10-10 00:00:00",
        "CustomerID": "493007042"
    },
    "SQ71970": {
        "OrderID": "SQ71970",
        "Order Date": "2025-10-10 00:00:00",
        "CustomerID": "4701517491"
    },
    "TI19895": {
        "OrderID": "TI19895",
        "Order Date": "2025-10-10 00:00:00",
        "CustomerID": "7999078730"
    },
    "WR21973": {
        "OrderID": "WR21973",
        "Order Date": "2025-10-10 00:00:00",
        "CustomerID": "4400044673"
    },
    "PP64871": {
        "OrderID": "PP64871",
        "Order Date": "2025-10-10 00:00:00",
        "CustomerID": "4245371804"
    },
    "MM9271": {
        "OrderID": "MM9271",
        "Order Date": "2025-10-10 00:00:00",
        "CustomerID": "2242323021"
    },
    "YW8836": {
        "OrderID": "YW8836",
        "Order Date": "2025-10-10 00:00:00",
        "CustomerID": "5898128601"
    },
    "MR68704": {
        "OrderID": "MR68704",
        "Order Date": "2025-10-10 00:00:00",
        "CustomerID": "6125846738"
    },
    "LP44475": {
        "OrderID": "LP44475",
        "Order Date": "2025-10-10 00:00:00",
        "CustomerID": "6294879283"
    },
    "DY64524": {
        "OrderID": "DY64524",
        "Order Date": "2025-10-10 00:00:00",
        "CustomerID": "6705427270"
    },
    "SJ41125": {
        "OrderID": "SJ41125",
        "Order Date": "2025-10-10 00:00:00",
        "CustomerID": "7935769139"
    },
    "HS45817": {
        "OrderID": "HS45817",
        "Order Date": "2025-10-10 00:00:00",
        "CustomerID": "671083484"
    },
    "MU56071": {
        "OrderID": "MU56071",
        "Order Date": "2025-10-10 00:00:00",
        "CustomerID": "6008597826"
    },
    "OD99090": {
        "OrderID": "OD99090",
        "Order Date": "2025-10-10 00:00:00",
        "CustomerID": "7627676047"
    },
    "OW1277": {
        "OrderID": "OW1277",
        "Order Date": "2025-10-10 00:00:00",
        "CustomerID": "7624512330"
    },
    "OW90426": {
        "OrderID": "OW90426",
        "Order Date": "2025-10-10 00:00:00",
        "CustomerID": "2603998511"
    },
    "XG14889": {
        "OrderID": "XG14889",
        "Order Date": "2025-10-10 00:00:00",
        "CustomerID": "857253320"
    },
    "DH10856": {
        "OrderID": "DH10856",
        "Order Date": "2025-10-10 00:00:00",
        "CustomerID": "6284255505"
    },
    "NQ60095": {
        "OrderID": "NQ60095",
        "Order Date": "2025-10-10 00:00:00",
        "CustomerID": "4137251720"
    },
    "CY97937": {
        "OrderID": "CY97937",
        "Order Date": "2025-10-10 00:00:00",
        "CustomerID": "14942569"
    },
    "MY74721": {
        "OrderID": "MY74721",
        "Order Date": "2025-10-10 00:00:00",
        "CustomerID": "7574554070"
    },
    "HA64900": {
        "OrderID": "HA64900",
        "Order Date": "2025-10-10 00:00:00",
        "CustomerID": "613261269"
    },
    "NS79196": {
        "OrderID": "NS79196",
        "Order Date": "2025-10-10 00:00:00",
        "CustomerID": "2840298672"
    },
    "MW76296": {
        "OrderID": "MW76296",
        "Order Date": "2025-10-10 00:00:00",
        "CustomerID": "5371889654"
    },
    "QJ45248": {
        "OrderID": "QJ45248",
        "Order Date": "2025-10-10 00:00:00",
        "CustomerID": "1087558990"
    },
    "YU41638": {
        "OrderID": "YU41638",
        "Order Date": "2025-10-10 00:00:00",
        "CustomerID": "2940018039"
    },
    "LY34054": {
        "OrderID": "LY34054",
        "Order Date": "2025-10-10 00:00:00",
        "CustomerID": "7446203988"
    },
    "AI36093": {
        "OrderID": "AI36093",
        "Order Date": "2025-10-10 00:00:00",
        "CustomerID": "5826037319"
    },
    "OV52735": {
        "OrderID": "OV52735",
        "Order Date": "2025-10-10 00:00:00",
        "CustomerID": "2576336919"
    },
    "AF78348": {
        "OrderID": "AF78348",
        "Order Date": "2025-10-10 00:00:00",
        "CustomerID": "5068155403"
    },
    "YI81551": {
        "OrderID": "YI81551",
        "Order Date": "2025-10-10 00:00:00",
        "CustomerID": "3995645253"
    },
    "ZX54796": {
        "OrderID": "ZX54796",
        "Order Date": "2025-10-10 00:00:00",
        "CustomerID": "6610950218"
    },
    "VV89128": {
        "OrderID": "VV89128",
        "Order Date": "2025-10-10 00:00:00",
        "CustomerID": "2816725178"
    },
    "KE74732": {
        "OrderID": "KE74732",
        "Order Date": "2025-10-10 00:00:00",
        "CustomerID": "4179938574"
    },
    "DC26833": {
        "OrderID": "DC26833",
        "Order Date": "2025-10-10 00:00:00",
        "CustomerID": "4958516187"
    },
    "AD68693": {
        "OrderID": "AD68693",
        "Order Date": "2025-10-10 00:00:00",
        "CustomerID": "502847177"
    },
    "NA99139": {
        "OrderID": "NA99139",
        "Order Date": "2025-10-10 00:00:00",
        "CustomerID": "2767341505"
    },
    "TF52609": {
        "OrderID": "TF52609",
        "Order Date": "2025-10-10 00:00:00",
        "CustomerID": "7049414723"
    },
    "WW18380": {
        "OrderID": "WW18380",
        "Order Date": "2025-10-10 00:00:00",
        "CustomerID": "6703257307"
    },
    "XM80227": {
        "OrderID": "XM80227",
        "Order Date": "2025-10-10 00:00:00",
        "CustomerID": "723595732"
    },
    "TB11992": {
        "OrderID": "TB11992",
        "Order Date": "2025-10-10 00:00:00",
        "CustomerID": "2106403312"
    },
    "WZ13319": {
        "OrderID": "WZ13319",
        "Order Date": "2025-10-10 00:00:00",
        "CustomerID": "6650672413"
    },
    "DK83091": {
        "OrderID": "DK83091",
        "Order Date": "2025-10-10 00:00:00",
        "CustomerID": "4590023067"
    },
    "BR34960": {
        "OrderID": "BR34960",
        "Order Date": "2025-10-10 00:00:00",
        "CustomerID": "6830534156"
    },
    "HN74091": {
        "OrderID": "HN74091",
        "Order Date": "2025-10-10 00:00:00",
        "CustomerID": "2659466372"
    },
    "JO57807": {
        "OrderID": "JO57807",
        "Order Date": "2025-10-10 00:00:00",
        "CustomerID": "6019163034"
    },
    "VG64650": {
        "OrderID": "VG64650",
        "Order Date": "2025-10-10 00:00:00",
        "CustomerID": "6627289971"
    },
    "YS64120": {
        "OrderID": "YS64120",
        "Order Date": "2025-10-10 00:00:00",
        "CustomerID": "7538749049"
    },
    "GR21265": {
        "OrderID": "GR21265",
        "Order Date": "2025-10-10 00:00:00",
        "CustomerID": "1150230305"
    },
    "XR43727": {
        "OrderID": "XR43727",
        "Order Date": "2025-10-10 00:00:00",
        "CustomerID": "7989953431"
    },
    "TG28417": {
        "OrderID": "TG28417",
        "Order Date": "2025-10-10 00:00:00",
        "CustomerID": "1060419912"
    },
    "FV39569": {
        "OrderID": "FV39569",
        "Order Date": "2025-10-10 00:00:00",
        "CustomerID": "7163064956"
    },
    "EY8756": {
        "OrderID": "EY8756",
        "Order Date": "2025-10-10 00:00:00",
        "CustomerID": "659165747"
    },
    "OC83167": {
        "OrderID": "OC83167",
        "Order Date": "2025-10-10 00:00:00",
        "CustomerID": "4911484711"
    },
    "XP66622": {
        "OrderID": "XP66622",
        "Order Date": "2025-10-10 00:00:00",
        "CustomerID": "1033251793"
    },
    "BC24718": {
        "OrderID": "BC24718",
        "Order Date": "2025-10-10 00:00:00",
        "CustomerID": "6610950218"
    },
    "RP30780": {
        "OrderID": "RP30780",
        "Order Date": "2025-10-10 00:00:00",
        "CustomerID": "1132435115"
    },
    "HL37563": {
        "OrderID": "HL37563",
        "Order Date": "2025-10-10 00:00:00",
        "CustomerID": "257253372"
    },
    "OC81229": {
        "OrderID": "OC81229",
        "Order Date": "2025-10-10 00:00:00",
        "CustomerID": "7271682400"
    },
    "QK61249": {
        "OrderID": "QK61249",
        "Order Date": "2025-10-10 00:00:00",
        "CustomerID": "1938113726"
    },
    "CF74614": {
        "OrderID": "CF74614",
        "Order Date": "2025-10-10 00:00:00",
        "CustomerID": "3705878838"
    },
    "CB46208": {
        "OrderID": "CB46208",
        "Order Date": "2025-10-10 00:00:00",
        "CustomerID": "2158752240"
    },
    "PU82241": {
        "OrderID": "PU82241",
        "Order Date": "2025-10-10 00:00:00",
        "CustomerID": "4326614444"
    },
    "JB95995": {
        "OrderID": "JB95995",
        "Order Date": "2025-10-10 00:00:00",
        "CustomerID": "3097258059"
    },
    "GK99721": {
        "OrderID": "GK99721",
        "Order Date": "2025-10-10 00:00:00",
        "CustomerID": "7122107471"
    },
    "EN44863": {
        "OrderID": "EN44863",
        "Order Date": "2025-10-10 00:00:00",
        "CustomerID": "4415573277"
    },
    "TW72811": {
        "OrderID": "TW72811",
        "Order Date": "2025-10-24 00:00:00",
        "CustomerID": "1815471573"
    },
    "SN26344": {
        "OrderID": "SN26344",
        "Order Date": "2025-10-24 00:00:00",
        "CustomerID": "5554554546"
    },
    "LT49748": {
        "OrderID": "LT49748",
        "Order Date": "2025-10-24 00:00:00",
        "CustomerID": "6982415322"
    },
    "IU71786": {
        "OrderID": "IU71786",
        "Order Date": "2025-10-24 00:00:00",
        "CustomerID": "1319780515"
    },
    "BU25374": {
        "OrderID": "BU25374",
        "Order Date": "2025-10-24 00:00:00",
        "CustomerID": "3740738541"
    },
    "RG10503": {
        "OrderID": "RG10503",
        "Order Date": "2025-10-24 00:00:00",
        "CustomerID": "5773687626"
    },
    "XP21921": {
        "OrderID": "XP21921",
        "Order Date": "2025-10-24 00:00:00",
        "CustomerID": "1953859453"
    },
    "OH22705": {
        "OrderID": "OH22705",
        "Order Date": "2025-10-24 00:00:00",
        "CustomerID": "3048964244"
    },
    "YX22679": {
        "OrderID": "YX22679",
        "Order Date": "2025-10-24 00:00:00",
        "CustomerID": "6219111278"
    },
    "MA82478": {
        "OrderID": "MA82478",
        "Order Date": "2025-10-24 00:00:00",
        "CustomerID": "903122789"
    },
    "RZ18808": {
        "OrderID": "RZ18808",
        "Order Date": "2025-10-24 00:00:00",
        "CustomerID": "5406749311"
    },
    "DV68278": {
        "OrderID": "DV68278",
        "Order Date": "2025-10-24 00:00:00",
        "CustomerID": "7325339005"
    },
    "EC22292": {
        "OrderID": "EC22292",
        "Order Date": "2025-10-24 00:00:00",
        "CustomerID": "6729911117"
    },
    "IX72411": {
        "OrderID": "IX72411",
        "Order Date": "2025-10-24 00:00:00",
        "CustomerID": "6883718772"
    },
    "AB70734": {
        "OrderID": "AB70734",
        "Order Date": "2025-10-24 00:00:00",
        "CustomerID": "6393788288"
    },
    "KM39412": {
        "OrderID": "KM39412",
        "Order Date": "2025-10-24 00:00:00",
        "CustomerID": "4545239472"
    },
    "DO73758": {
        "OrderID": "DO73758",
        "Order Date": "2025-10-24 00:00:00",
        "CustomerID": "7516282841"
    },
    "JT10733": {
        "OrderID": "JT10733",
        "Order Date": "2025-10-24 00:00:00",
        "CustomerID": "6808017562"
    },
    "VT90942": {
        "OrderID": "VT90942",
        "Order Date": "2025-10-24 00:00:00",
        "CustomerID": "2745927997"
    },
    "AP4692": {
        "OrderID": "AP4692",
        "Order Date": "2025-10-24 00:00:00",
        "CustomerID": "4952951214"
    },
    "DG61847": {
        "OrderID": "DG61847",
        "Order Date": "2025-10-24 00:00:00",
        "CustomerID": "2152396880"
    },
    "GY88989": {
        "OrderID": "GY88989",
        "Order Date": "2025-10-24 00:00:00",
        "CustomerID": "1897321937"
    },
    "RX56404": {
        "OrderID": "RX56404",
        "Order Date": "2025-10-24 00:00:00",
        "CustomerID": "2558133492"
    },
    "CH27770": {
        "OrderID": "CH27770",
        "Order Date": "2025-10-24 00:00:00",
        "CustomerID": "6582623060"
    },
    "IX87938": {
        "OrderID": "IX87938",
        "Order Date": "2025-10-24 00:00:00",
        "CustomerID": "1703844309"
    },
    "PI60505": {
        "OrderID": "PI60505",
        "Order Date": "2025-10-24 00:00:00",
        "CustomerID": "3983821739"
    },
    "BJ40243": {
        "OrderID": "BJ40243",
        "Order Date": "2025-10-24 00:00:00",
        "CustomerID": "7167403655"
    },
    "ME75899": {
        "OrderID": "ME75899",
        "Order Date": "2025-10-24 00:00:00",
        "CustomerID": "7198723827"
    },
    "TJ70677": {
        "OrderID": "TJ70677",
        "Order Date": "2025-10-24 00:00:00",
        "CustomerID": "4784625782"
    },
    "MU8441": {
        "OrderID": "MU8441",
        "Order Date": "2025-10-24 00:00:00",
        "CustomerID": "3795860116"
    },
    "HM70297": {
        "OrderID": "HM70297",
        "Order Date": "2025-10-24 00:00:00",
        "CustomerID": "5326351767"
    },
    "HH3594": {
        "OrderID": "HH3594",
        "Order Date": "2025-10-24 00:00:00",
        "CustomerID": "1235356401"
    },
    "LL83685": {
        "OrderID": "LL83685",
        "Order Date": "2025-10-24 00:00:00",
        "CustomerID": "4392876680"
    },
    "LQ17201": {
        "OrderID": "LQ17201",
        "Order Date": "2025-10-24 00:00:00",
        "CustomerID": "3959517840"
    },
    "HP77018": {
        "OrderID": "HP77018",
        "Order Date": "2025-10-24 00:00:00",
        "CustomerID": "2796381770"
    },
    "RC32541": {
        "OrderID": "RC32541",
        "Order Date": "2025-10-24 00:00:00",
        "CustomerID": "1311266195"
    },
    "NX36609": {
        "OrderID": "NX36609",
        "Order Date": "2025-10-24 00:00:00",
        "CustomerID": "7874183841"
    },
    "UA21062": {
        "OrderID": "UA21062",
        "Order Date": "2025-10-24 00:00:00",
        "CustomerID": "5475060404"
    },
    "RI87658": {
        "OrderID": "RI87658",
        "Order Date": "2025-10-24 00:00:00",
        "CustomerID": "2737096511"
    },
    "DZ76764": {
        "OrderID": "DZ76764",
        "Order Date": "2025-10-24 00:00:00",
        "CustomerID": "1608557229"
    },
    "XQ71134": {
        "OrderID": "XQ71134",
        "Order Date": "2025-10-24 00:00:00",
        "CustomerID": "4613437083"
    },
    "JH20192": {
        "OrderID": "JH20192",
        "Order Date": "2025-10-24 00:00:00",
        "CustomerID": "434853672"
    },
    "UN74811": {
        "OrderID": "UN74811",
        "Order Date": "2025-10-24 00:00:00",
        "CustomerID": "4580964613"
    },
    "XU11826": {
        "OrderID": "XU11826",
        "Order Date": "2025-10-24 00:00:00",
        "CustomerID": "4214116359"
    },
    "HU91183": {
        "OrderID": "HU91183",
        "Order Date": "2025-10-24 00:00:00",
        "CustomerID": "6702610531"
    },
    "QU70291": {
        "OrderID": "QU70291",
        "Order Date": "2025-10-24 00:00:00",
        "CustomerID": "1744829778"
    },
    "OE40020": {
        "OrderID": "OE40020",
        "Order Date": "2025-10-24 00:00:00",
        "CustomerID": "7822839038"
    },
    "UP92022": {
        "OrderID": "UP92022",
        "Order Date": "2025-10-24 00:00:00",
        "CustomerID": "1033251793"
    },
    "VW9169": {
        "OrderID": "VW9169",
        "Order Date": "2025-10-24 00:00:00",
        "CustomerID": "3259721496"
    },
    "IT38354": {
        "OrderID": "IT38354",
        "Order Date": "2025-10-24 00:00:00",
        "CustomerID": "7061927174"
    },
    "MT24904": {
        "OrderID": "MT24904",
        "Order Date": "2025-10-24 00:00:00",
        "CustomerID": "4550477101"
    },
    "HO34012": {
        "OrderID": "HO34012",
        "Order Date": "2025-10-24 00:00:00",
        "CustomerID": "7758126232"
    },
    "NA14802": {
        "OrderID": "NA14802",
        "Order Date": "2025-10-24 00:00:00",
        "CustomerID": "6611199804"
    },
    "KD87997": {
        "OrderID": "KD87997",
        "Order Date": "2025-10-24 00:00:00",
        "CustomerID": "5156088241"
    },
    "QB12260": {
        "OrderID": "QB12260",
        "Order Date": "2025-10-24 00:00:00",
        "CustomerID": "6523124618"
    },
    "MA95814": {
        "OrderID": "MA95814",
        "Order Date": "2025-10-24 00:00:00",
        "CustomerID": "4004361700"
    },
    "DA62652": {
        "OrderID": "DA62652",
        "Order Date": "2025-10-24 00:00:00",
        "CustomerID": "2495469593"
    },
    "SJ83041": {
        "OrderID": "SJ83041",
        "Order Date": "2025-10-24 00:00:00",
        "CustomerID": "3598172287"
    },
    "JZ78677": {
        "OrderID": "JZ78677",
        "Order Date": "2025-10-24 00:00:00",
        "CustomerID": "6459960883"
    },
    "VY26730": {
        "OrderID": "VY26730",
        "Order Date": "2025-10-24 00:00:00",
        "CustomerID": "1350099032"
    },
    "OY19816": {
        "OrderID": "OY19816",
        "Order Date": "2025-10-24 00:00:00",
        "CustomerID": "5010532720"
    },
    "XU38892": {
        "OrderID": "XU38892",
        "Order Date": "2025-10-24 00:00:00",
        "CustomerID": "3012052549"
    },
    "QY82409": {
        "OrderID": "QY82409",
        "Order Date": "2025-10-24 00:00:00",
        "CustomerID": "613419321"
    },
    "KU20864": {
        "OrderID": "KU20864",
        "Order Date": "2025-10-24 00:00:00",
        "CustomerID": "6206745637"
    },
    "BJ65213": {
        "OrderID": "BJ65213",
        "Order Date": "2025-10-24 00:00:00",
        "CustomerID": "4399202749"
    },
    "HC35338": {
        "OrderID": "HC35338",
        "Order Date": "2025-10-24 00:00:00",
        "CustomerID": "5250301472"
    },
    "WR66254": {
        "OrderID": "WR66254",
        "Order Date": "2025-10-24 00:00:00",
        "CustomerID": "1895804219"
    },
    "IV14103": {
        "OrderID": "IV14103",
        "Order Date": "2025-10-24 00:00:00",
        "CustomerID": "5354069069"
    },
    "EM13773": {
        "OrderID": "EM13773",
        "Order Date": "2025-10-24 00:00:00",
        "CustomerID": "4560425933"
    },
    "JB10612": {
        "OrderID": "JB10612",
        "Order Date": "2025-10-24 00:00:00",
        "CustomerID": "6994409264"
    },
    "MJ72115": {
        "OrderID": "MJ72115",
        "Order Date": "2025-10-24 00:00:00",
        "CustomerID": "2830546222"
    },
    "IR54133": {
        "OrderID": "IR54133",
        "Order Date": "2025-10-24 00:00:00",
        "CustomerID": "3662237146"
    },
    "HH86933": {
        "OrderID": "HH86933",
        "Order Date": "2025-10-24 00:00:00",
        "CustomerID": "2152234111"
    },
    "OW12832": {
        "OrderID": "OW12832",
        "Order Date": "2025-10-24 00:00:00",
        "CustomerID": "1987321955"
    },
    "QA33579": {
        "OrderID": "QA33579",
        "Order Date": "2025-10-24 00:00:00",
        "CustomerID": "1658726912"
    },
    "KI97337": {
        "OrderID": "KI97337",
        "Order Date": "2025-10-24 00:00:00",
        "CustomerID": "3442258263"
    },
    "KZ46419": {
        "OrderID": "KZ46419",
        "Order Date": "2025-10-24 00:00:00",
        "CustomerID": "1429811953"
    },
    "IN44831": {
        "OrderID": "IN44831",
        "Order Date": "2025-10-24 00:00:00",
        "CustomerID": "5591015358"
    },
    "YF3490": {
        "OrderID": "YF3490",
        "Order Date": "2025-10-24 00:00:00",
        "CustomerID": "7083597981"
    },
    "PI64949": {
        "OrderID": "PI64949",
        "Order Date": "2025-10-24 00:00:00",
        "CustomerID": "2013927761"
    },
    "KZ83467": {
        "OrderID": "KZ83467",
        "Order Date": "2025-10-24 00:00:00",
        "CustomerID": "5567126146"
    },
    "MQ11333": {
        "OrderID": "MQ11333",
        "Order Date": "2025-10-24 00:00:00",
        "CustomerID": "729850103"
    },
    "FA20659": {
        "OrderID": "FA20659",
        "Order Date": "2025-10-24 00:00:00",
        "CustomerID": "1652372107"
    },
    "NA1278": {
        "OrderID": "NA1278",
        "Order Date": "2025-10-24 00:00:00",
        "CustomerID": "4131611463"
    },
    "YM13023": {
        "OrderID": "YM13023",
        "Order Date": "2025-10-24 00:00:00",
        "CustomerID": "5805592220"
    },
    "CN3154": {
        "OrderID": "CN3154",
        "Order Date": "2025-10-24 00:00:00",
        "CustomerID": "2083134668"
    },
    "OQ95869": {
        "OrderID": "OQ95869",
        "Order Date": "2025-10-24 00:00:00",
        "CustomerID": "1681297563"
    },
    "FA35459": {
        "OrderID": "FA35459",
        "Order Date": "2025-10-24 00:00:00",
        "CustomerID": "2243059724"
    },
    "CY2483": {
        "OrderID": "CY2483",
        "Order Date": "2025-10-24 00:00:00",
        "CustomerID": "4527798983"
    },
    "QB51833": {
        "OrderID": "QB51833",
        "Order Date": "2025-10-24 00:00:00",
        "CustomerID": "3048964244"
    },
    "JZ66954": {
        "OrderID": "JZ66954",
        "Order Date": "2025-10-24 00:00:00",
        "CustomerID": "2592951560"
    },
    "ML58141": {
        "OrderID": "ML58141",
        "Order Date": "2025-10-24 00:00:00",
        "CustomerID": "7301877311"
    },
    "AT4544": {
        "OrderID": "AT4544",
        "Order Date": "2025-10-24 00:00:00",
        "CustomerID": "2051511590"
    },
    "IU3206": {
        "OrderID": "IU3206",
        "Order Date": "2025-10-24 00:00:00",
        "CustomerID": "2101058405"
    },
    "ZH65123": {
        "OrderID": "ZH65123",
        "Order Date": "2025-10-24 00:00:00",
        "CustomerID": "5538802446"
    },
    "HH25358": {
        "OrderID": "HH25358",
        "Order Date": "2025-10-24 00:00:00",
        "CustomerID": "7779545715"
    },
    "RR40955": {
        "OrderID": "RR40955",
        "Order Date": "2025-10-24 00:00:00",
        "CustomerID": "7422964949"
    },
    "DO70877": {
        "OrderID": "DO70877",
        "Order Date": "2025-10-24 00:00:00",
        "CustomerID": "2248656388"
    },
    "AF98224": {
        "OrderID": "AF98224",
        "Order Date": "2025-10-24 00:00:00",
        "CustomerID": "4386054574"
    },
    "MJ85967": {
        "OrderID": "MJ85967",
        "Order Date": "2025-10-24 00:00:00",
        "CustomerID": "5633605508"
    }
}